,accuracy,auc,f1
LogisticRegression,0.6633285714285714,0.6943687900106047,0.7610831195953002
RandomForest,0.6646928571428572,0.6954187357364178,0.7606255768534524
XGBoost,0.6751714285714285,0.7129786932868777,0.764456046574264
LightGBM,0.6748428571428572,0.7130367670892998,0.7646979768636735
Ensemble,0.6716214285714286,0.7082872094838336,0.7648884865779878
